ID 1,Titulo 1,ID 2,Titulo 2,Similaridade,Especificações iguais,Especificações diferentes
2961097,"Smartphone  Samsung Galaxy S5 SM-G900M Branco com Tela 5.1"", Android 4.4, 4G, Câmera 16MP e Processador Quad Core 2.5GHz",2961099,"Smartphone  Samsung Galaxy S5 SM-G900M Dourado com Tela 5.1"", Android 4.4, 4G, Câmera 16MP e Processador Quad Core 2.5GHz",0.9,marca: Samsung; tela: 5.1,"cor: Branco, Dourado"
3638254,"Smartphone Samsung Galaxy Young 2 Duos G130M Branco com Tela 3.5"", Dual Chip, Android 4.4, 3G, Wi-Fi, GPS, Rádio FM e Câmera de 3MP.",3638255,"Smartphone Samsung Galaxy Young 2 Duos G130M Cinza com Tela 3.5"", Dual Chip, Android 4.4, 3G, Wi-Fi, GPS, Rádio FM e Câmera de 3MP.",0.92,marca: Samsung; tela: 3.5,"cor: Branco, Cinza"
4174797,"Smartphone Samsung Galaxy Win 2 Duos TV Branco com Dual Chip, Tela de 4.5"", TV Digital, Android 4.4, Câm. de 5MP e Processador Quad Core de1.2 Ghz",5409353,"Smartphone Samsung Galaxy Win 2 Duos TV G360BT Branco com Dual Chip, Tela de 4.5"", TV Digital, Android 4.4, Câm. de 5MP e Processador Quad Core 1.2GHz",0.8518518518518519,marca: Samsung; tela: 4.5; cor: Branco,
4174800,"Smartphone Samsung Galaxy Ace 4 Duos G313M/DS Cinza com Tela de 4”, Dual Chip, Android 4.4, Câmera 5MP, 3G e Processador Dual Core de 1GHz",4188382,"Smartphone Samsung Galaxy Ace 4 Duos G313M/DS Branco com Tela de 4”, Dual Chip, Android 4.4, Câmera 5MP, 3G e Processador Dual Core de 1GHz",0.9166666666666666,marca: Samsung; tela: 4.0,"cor: Cinza, Branco"
4457760,"Smartphone Desbloqueado Samsung Galaxy S6 Edge SM-G925I Verde com 64GB, Tela de 5.1"", Android 5.0, 4G, Câmera 16 MP e Processador Octa Core",4457762,"Smartphone Samsung Galaxy S6 Edge SM-G925I Preto com 64GB, Tela de 5.1"", Android 5.0, 4G, Câmera 16 MP e Processador Octa Core",0.875,marca: Samsung; tela: 5.1,"cor: Verde, Preto"
4457760,"Smartphone Desbloqueado Samsung Galaxy S6 Edge SM-G925I Verde com 64GB, Tela de 5.1"", Android 5.0, 4G, Câmera 16 MP e Processador Octa Core",4457764,"Smartphone Samsung Galaxy S6 Edge SM-G925I Branco com 64GB, Tela de 5.1"", Android 5.0, 4G, Câmera 16 MP e Processador Octa Core",0.875,marca: Samsung; tela: 5.1,"cor: Verde, Branco"
4457762,"Smartphone Samsung Galaxy S6 Edge SM-G925I Preto com 64GB, Tela de 5.1"", Android 5.0, 4G, Câmera 16 MP e Processador Octa Core",4457764,"Smartphone Samsung Galaxy S6 Edge SM-G925I Branco com 64GB, Tela de 5.1"", Android 5.0, 4G, Câmera 16 MP e Processador Octa Core",0.9130434782608695,marca: Samsung; tela: 5.1,"cor: Preto, Branco"
7528302,"Smartphone Multilaser MS50 Colors Preto com Tela 5.0”, Dual Chip, Android 5.0, Câmera 8MP, Wi-Fi, 3G, Bluetooth e Processador Quad Core de 1.3 GHz",7528303,"Smartphone Multilaser MS50 Colors Branco com Tela 5.0”, Dual Chip, Android 5.0, Câmera 8MP, Wi-Fi, 3G, Bluetooth e Processador Quad Core de 1.3 GHz",0.92,marca: Multilaser; tela: 5.0,"cor: Preto, Branco"
7528302,"Smartphone Multilaser MS50 Colors Preto com Tela 5.0”, Dual Chip, Android 5.0, Câmera 8MP, Wi-Fi, 3G, Bluetooth e Processador Quad Core de 1.3 GHz",7528304,"Smartphone Multilaser MS50 Senior Preto com Tela 5.0”, Dual Chip, Android 5.0, Câmera 8MP, Wi-Fi, 3G, Bluetooth e Processador Quad Core de 1.3 GHz",0.92,marca: Multilaser; tela: 5.0; cor: Preto,
7528303,"Smartphone Multilaser MS50 Colors Branco com Tela 5.0”, Dual Chip, Android 5.0, Câmera 8MP, Wi-Fi, 3G, Bluetooth e Processador Quad Core de 1.3 GHz",7528304,"Smartphone Multilaser MS50 Senior Preto com Tela 5.0”, Dual Chip, Android 5.0, Câmera 8MP, Wi-Fi, 3G, Bluetooth e Processador Quad Core de 1.3 GHz",0.8461538461538461,marca: Multilaser; tela: 5.0,"cor: Branco, Preto"
10656975,"Smartphone Samsung Galaxy J2 Prime TV Dourado com 8GB, Dual chip, Tela 5"", TV Digital, 4G, Câmera 8MP, Android 6.0 e Processador Quad Core de 1.4 Ghz",10656982,"Smartphone Samsung Galaxy J2 Prime TV Preto com 8GB, Dual chip, Tela 5"", TV Digital, 4G, Câmera 8MP, Android 6.0 e Processador Quad Core de 1.4 Ghz",0.9259259259259259,marca: Samsung; tela: 5.0,"cor: Dourado, Preto"
10693619,"Smartphone Lenovo Vibe K6 Plus Grafite com 32GB, Tela 5.5"", Câmera 16MP, 4G, Dual Chip, Android 6.0, RAM de 3GB e Processador Qualcomm Octa-Core",10693632,"Smartphone Lenovo Vibe K6 Plus Dourado com 32GB, Tela 5.5"", Câmera 16MP, 4G, Dual Chip, Android 6.0, RAM de 3GB e Processador Qualcomm Octa-Core",0.92,marca: Lenovo; ram: 3.0; tela: 5.5,"cor: Grafite, Dourado"
11051263,"Smartphone LG K10 Novo M250DS Titânio com 32GB, Dual Chip, Tela de 5.3"" HD, 4G, Android 7.0, Câmera 13MP e Processador Octa Core de 1.5 GHz",11051270,"Smartphone LG K10 Novo M250DS Preto com 32GB, Dual Chip, Tela de 5.3"" HD, 4G, Android 7.0, Câmera 13MP e Processador Octa Core de 1.5 GHz",0.9230769230769231,marca: LG; tela: 5.3,"cor: Titânio, Preto"
11051263,"Smartphone LG K10 Novo M250DS Titânio com 32GB, Dual Chip, Tela de 5.3"" HD, 4G, Android 7.0, Câmera 13MP e Processador Octa Core de 1.5 GHz",11051274,"Smartphone LG K10 M250DS Novo Dourado com 32GB, Dual Chip, Tela de 5.3"" HD, 4G, Android 7.0, Câmera 13MP e Processador Octa Core de 1.5 GHz",0.9230769230769231,marca: LG; tela: 5.3,"cor: Titânio, Dourado"
11051270,"Smartphone LG K10 Novo M250DS Preto com 32GB, Dual Chip, Tela de 5.3"" HD, 4G, Android 7.0, Câmera 13MP e Processador Octa Core de 1.5 GHz",11051274,"Smartphone LG K10 M250DS Novo Dourado com 32GB, Dual Chip, Tela de 5.3"" HD, 4G, Android 7.0, Câmera 13MP e Processador Octa Core de 1.5 GHz",0.9230769230769231,marca: LG; tela: 5.3,"cor: Preto, Dourado"
11051280,"Smartphone LG K10 TV Power Índigo com 32GB, Dual Chip, Tela de 5,5”, HD, TV Digital, 4G, Android 7.0, Câmera 13MP e Processador Octa Core de 1.5 GHz",11051284,"Smartphone LG K10 TV Power Titânio com 32GB, Dual Chip, Tela de 5.5"" HD, TV Digital, 4G, Android 7.0, Câmera 13MP e Processador Octa Core de 1.5 GHz",0.8571428571428571,marca: LG; tela: 5.5,"cor: Indigo, Titânio"
11482037,"Smartphone Samsung Galaxy S8 Plus Dual Chip Prata com 64GB, Tela 6.2”, Android 7.0, 4G, Câmera 12MP e Octa-Core",11482047,"Smartphone Samsung Galaxy S8 Plus Dual Chip Ametista com 64GB, Tela 6.2"", Android 7.0, 4G, Câmera 12MP e Octa-Core",0.9,marca: Samsung; tela: 6.2,"cor: Prata, Ametista"
11482037,"Smartphone Samsung Galaxy S8 Plus Dual Chip Prata com 64GB, Tela 6.2”, Android 7.0, 4G, Câmera 12MP e Octa-Core",11482056,"Smartphone Samsung Galaxy S8 Plus Dual Chip Preto com 64GB, Tela 6.2”, Android 7.0, 4G, Câmera 12MP e Octa-Core",0.9,marca: Samsung; tela: 6.2,"cor: Prata, Preto"
11482037,"Smartphone Samsung Galaxy S8 Plus Dual Chip Prata com 64GB, Tela 6.2”, Android 7.0, 4G, Câmera 12MP e Octa-Core",12731786,"Smartphone Samsung Galaxy S8 Plus Dual Chip Prata com 64GB, Tela 6.2”, Android 7.0, 4G, Câmera 12MP e Octa-Core - CLARO",0.9047619047619048,marca: Samsung; tela: 6.2; cor: Prata,
11482047,"Smartphone Samsung Galaxy S8 Plus Dual Chip Ametista com 64GB, Tela 6.2"", Android 7.0, 4G, Câmera 12MP e Octa-Core",11482056,"Smartphone Samsung Galaxy S8 Plus Dual Chip Preto com 64GB, Tela 6.2”, Android 7.0, 4G, Câmera 12MP e Octa-Core",0.9,marca: Samsung; tela: 6.2,"cor: Ametista, Preto"
11500460,"Smartphone ASUS Zenfone 3 Zoom ZE553KL Preto com 64GB, Tela 5.5, Dual Chip, Android 6.0, 4G, Câmera Dual 12MP, Processador Octa-Core e 4GB de RAM",11516983,"Smartphone ASUS Zenfone 3 Zoom ZE553KL Rosa com 64GB, Tela 5.5, Dual Chip, Android 6.0, 4G, Câmera Dual 12MP, Processador Octa-Core e 4GB de RAM",0.92,marca: Asus; ram: 4.0,"cor: Preto, Rosa"
11516037,"Smartphone Motorola Moto E4 Plus Azul Safira 16GB, Tela 5.5'', Dual Chip, Android 7.1, Bateria 5.000 mAh, Câmera 13MP, Processador Quad-Core e 2GB RAM",11516082,"Smartphone Motorola Moto E4 Plus Titanium 16GB, Tela 5.5'', Dual Chip, Android 7.1, Bateria 5.000 mAh, Câmera 13MP, Processador Quad-Core e 2GB de RAM",0.8461538461538461,marca: Motorola; ram: 2.0; tela: 5.5,"cor: Azul Safira, Titanium"
11516037,"Smartphone Motorola Moto E4 Plus Azul Safira 16GB, Tela 5.5'', Dual Chip, Android 7.1, Bateria 5.000 mAh, Câmera 13MP, Processador Quad-Core e 2GB RAM",11516085,"Smartphone Motorola Moto E4 Plus Ouro 16GB, Tela 5.5'', Dual Chip, Android 7.1, Bateria 5.000 mAh, Câmera 13MP, Processador Quad-Core e 2GB de RAM",0.8461538461538461,marca: Motorola; ram: 2.0; tela: 5.5,"cor: Azul Safira, Ouro"
11516052,"Smartphone Motorola Moto E4 XT1763 Ouro Rose com 16GB, Tela 5'', Dual Chip, Android 7.1, 4G, Câmera 8MP, Processador Quad-Core e 2GB de RAM",11516060,"Smartphone Motorola Moto E4 XT1763 Titanium com 16GB, Tela 5'', Dual Chip, Android 7.1, 4G, Câmera 8MP, Processador Quad-Core e 2GB de RAM",0.88,marca: Motorola; ram: 2.0; tela: 5.0,"cor: Ouro Rose, Titanium"
11516052,"Smartphone Motorola Moto E4 XT1763 Ouro Rose com 16GB, Tela 5'', Dual Chip, Android 7.1, 4G, Câmera 8MP, Processador Quad-Core e 2GB de RAM",11516093,"Smartphone Motorola Moto E4 XT1763 Azul Safira com 16GB, Tela 5'', Dual Chip, Android 7.1, 4G, Câmera 8MP, Processador Quad-Core e 2GB de RAM",0.8461538461538461,marca: Motorola; ram: 2.0; tela: 5.0,"cor: Ouro Rose, Azul Safira"
11516052,"Smartphone Motorola Moto E4 XT1763 Ouro Rose com 16GB, Tela 5'', Dual Chip, Android 7.1, 4G, Câmera 8MP, Processador Quad-Core e 2GB de RAM",11915384,"Smartphone Motorola Moto E4 XT1763 Rose com 16GB, Tela 5'', Dual Chip, Android 7.1, 4G, Câmera 8MP, Processador Quad-Core e 2GB de RAM",0.9583333333333334,marca: Motorola; ram: 2.0; tela: 5.0,"cor: Ouro Rose, nan"
11516060,"Smartphone Motorola Moto E4 XT1763 Titanium com 16GB, Tela 5'', Dual Chip, Android 7.1, 4G, Câmera 8MP, Processador Quad-Core e 2GB de RAM",11516093,"Smartphone Motorola Moto E4 XT1763 Azul Safira com 16GB, Tela 5'', Dual Chip, Android 7.1, 4G, Câmera 8MP, Processador Quad-Core e 2GB de RAM",0.88,marca: Motorola; ram: 2.0; tela: 5.0,"cor: Titanium, Azul Safira"
11516060,"Smartphone Motorola Moto E4 XT1763 Titanium com 16GB, Tela 5'', Dual Chip, Android 7.1, 4G, Câmera 8MP, Processador Quad-Core e 2GB de RAM",11915384,"Smartphone Motorola Moto E4 XT1763 Rose com 16GB, Tela 5'', Dual Chip, Android 7.1, 4G, Câmera 8MP, Processador Quad-Core e 2GB de RAM",0.9166666666666666,marca: Motorola; ram: 2.0; tela: 5.0,"cor: Titanium, nan"
11516082,"Smartphone Motorola Moto E4 Plus Titanium 16GB, Tela 5.5'', Dual Chip, Android 7.1, Bateria 5.000 mAh, Câmera 13MP, Processador Quad-Core e 2GB de RAM",11516085,"Smartphone Motorola Moto E4 Plus Ouro 16GB, Tela 5.5'', Dual Chip, Android 7.1, Bateria 5.000 mAh, Câmera 13MP, Processador Quad-Core e 2GB de RAM",0.92,marca: Motorola; ram: 2.0; tela: 5.5,"cor: Titanium, Ouro"
11516093,"Smartphone Motorola Moto E4 XT1763 Azul Safira com 16GB, Tela 5'', Dual Chip, Android 7.1, 4G, Câmera 8MP, Processador Quad-Core e 2GB de RAM",11915384,"Smartphone Motorola Moto E4 XT1763 Rose com 16GB, Tela 5'', Dual Chip, Android 7.1, 4G, Câmera 8MP, Processador Quad-Core e 2GB de RAM",0.88,marca: Motorola; ram: 2.0; tela: 5.0,"cor: Azul Safira, nan"
11516095,"Smartphone Motorola Moto Z2 Play Power Edition Ouro 64GB, Tela 5.5'', Dual Chip, Câmera 12MP, Android 7.1, Processador Octa-Core e 4GB de RAM",11516099,"Smartphone Motorola Moto Z2 Play Sound Edition Platinum 64GB, Tela 5.5'', Dual Chip, Câmera 12MP, Android 7.1, Processador Octa-Core e 4GB de RAM",0.84,marca: Motorola; ram: 4.0; tela: 5.5,"cor: Ouro, Platinum "
11516095,"Smartphone Motorola Moto Z2 Play Power Edition Ouro 64GB, Tela 5.5'', Dual Chip, Câmera 12MP, Android 7.1, Processador Octa-Core e 4GB de RAM",11516101,"Smartphone Motorola Moto Z2 Play Sound Edition Ouro 64GB, Tela 5.5'', Dual Chip, Câmera 12MP, Android 7.1, Processador Octa-Core e 4GB de RAM",0.9166666666666666,marca: Motorola; ram: 4.0; tela: 5.5; cor: Ouro,
11516095,"Smartphone Motorola Moto Z2 Play Power Edition Ouro 64GB, Tela 5.5'', Dual Chip, Câmera 12MP, Android 7.1, Processador Octa-Core e 4GB de RAM",11516103,"Smartphone Motorola Moto Z2 Play Projector Edition Platinum 64GB, Tela 5.5'', Dual Chip, Câmera 12MP, Android 7.1, Processador Octa-Core e 4GB de RAM",0.84,marca: Motorola; ram: 4.0; tela: 5.5,"cor: Ouro, Platinum "
11516095,"Smartphone Motorola Moto Z2 Play Power Edition Ouro 64GB, Tela 5.5'', Dual Chip, Câmera 12MP, Android 7.1, Processador Octa-Core e 4GB de RAM",11516105,"Smartphone Motorola Moto Z2 Play XT1710 Ouro com 64GB, Tela de 5.5'', Dual Chip, Câmera 12MP, Android 7.1, Processador Octa-Core e 4GB de RAM",0.84,marca: Motorola; ram: 4.0; tela: 5.5; cor: Ouro,
11516095,"Smartphone Motorola Moto Z2 Play Power Edition Ouro 64GB, Tela 5.5'', Dual Chip, Câmera 12MP, Android 7.1, Processador Octa-Core e 4GB de RAM",11516109,"Smartphone Motorola Moto Z2 Play Power Edition Platinum 64GB, Tela 5.5'', Dual Chip, Câmera 12MP, Android 7.1, Processador Octa-Core e 4GB de RAM",0.9166666666666666,marca: Motorola; ram: 4.0; tela: 5.5,"cor: Ouro, Platinum "
11516095,"Smartphone Motorola Moto Z2 Play Power Edition Ouro 64GB, Tela 5.5'', Dual Chip, Câmera 12MP, Android 7.1, Processador Octa-Core e 4GB de RAM",11811144,"Smartphone Motorola Moto Z2 Play GamePad Edition Platinum 64GB, Tela 5.5'', Dual Chip, Câmera 12MP, Android 7.1, Processador Octa-Core e 4GB de RAM",0.84,marca: Motorola; ram: 4.0; tela: 5.5,"cor: Ouro, Platinum "
11516095,"Smartphone Motorola Moto Z2 Play Power Edition Ouro 64GB, Tela 5.5'', Dual Chip, Câmera 12MP, Android 7.1, Processador Octa-Core e 4GB de RAM",11811145,"Smartphone Motorola Moto Z2 Play 360 Câmera Edition Topázio 64GB, Tela 5.5'', Dual Chip, Câmera 12MP, Android 7.1, Processador Octa-Core e 4GB de RAM",0.84,marca: Motorola; ram: 4.0; tela: 5.5,"cor: Ouro, nan"
11516099,"Smartphone Motorola Moto Z2 Play Sound Edition Platinum 64GB, Tela 5.5'', Dual Chip, Câmera 12MP, Android 7.1, Processador Octa-Core e 4GB de RAM",11516101,"Smartphone Motorola Moto Z2 Play Sound Edition Ouro 64GB, Tela 5.5'', Dual Chip, Câmera 12MP, Android 7.1, Processador Octa-Core e 4GB de RAM",0.9166666666666666,marca: Motorola; ram: 4.0; tela: 5.5,"cor: Platinum , Ouro"
11516099,"Smartphone Motorola Moto Z2 Play Sound Edition Platinum 64GB, Tela 5.5'', Dual Chip, Câmera 12MP, Android 7.1, Processador Octa-Core e 4GB de RAM",11516103,"Smartphone Motorola Moto Z2 Play Projector Edition Platinum 64GB, Tela 5.5'', Dual Chip, Câmera 12MP, Android 7.1, Processador Octa-Core e 4GB de RAM",0.9166666666666666,marca: Motorola; ram: 4.0; tela: 5.5; cor: Platinum ,
11516099,"Smartphone Motorola Moto Z2 Play Sound Edition Platinum 64GB, Tela 5.5'', Dual Chip, Câmera 12MP, Android 7.1, Processador Octa-Core e 4GB de RAM",11516108,"Smartphone Motorola Moto Z2 Play XT1710 Platinum com 64GB, Tela de 5.5'', Dual Chip, Câmera 12MP, Android 7.1, Processador Octa-Core e 4GB de RAM",0.84,marca: Motorola; ram: 4.0; tela: 5.5; cor: Platinum ,
11516099,"Smartphone Motorola Moto Z2 Play Sound Edition Platinum 64GB, Tela 5.5'', Dual Chip, Câmera 12MP, Android 7.1, Processador Octa-Core e 4GB de RAM",11516109,"Smartphone Motorola Moto Z2 Play Power Edition Platinum 64GB, Tela 5.5'', Dual Chip, Câmera 12MP, Android 7.1, Processador Octa-Core e 4GB de RAM",0.9166666666666666,marca: Motorola; ram: 4.0; tela: 5.5; cor: Platinum ,
11516099,"Smartphone Motorola Moto Z2 Play Sound Edition Platinum 64GB, Tela 5.5'', Dual Chip, Câmera 12MP, Android 7.1, Processador Octa-Core e 4GB de RAM",11811144,"Smartphone Motorola Moto Z2 Play GamePad Edition Platinum 64GB, Tela 5.5'', Dual Chip, Câmera 12MP, Android 7.1, Processador Octa-Core e 4GB de RAM",0.9166666666666666,marca: Motorola; ram: 4.0; tela: 5.5; cor: Platinum ,
11516099,"Smartphone Motorola Moto Z2 Play Sound Edition Platinum 64GB, Tela 5.5'', Dual Chip, Câmera 12MP, Android 7.1, Processador Octa-Core e 4GB de RAM",11811145,"Smartphone Motorola Moto Z2 Play 360 Câmera Edition Topázio 64GB, Tela 5.5'', Dual Chip, Câmera 12MP, Android 7.1, Processador Octa-Core e 4GB de RAM",0.84,marca: Motorola; ram: 4.0; tela: 5.5,"cor: Platinum , nan"
11516101,"Smartphone Motorola Moto Z2 Play Sound Edition Ouro 64GB, Tela 5.5'', Dual Chip, Câmera 12MP, Android 7.1, Processador Octa-Core e 4GB de RAM",11516103,"Smartphone Motorola Moto Z2 Play Projector Edition Platinum 64GB, Tela 5.5'', Dual Chip, Câmera 12MP, Android 7.1, Processador Octa-Core e 4GB de RAM",0.84,marca: Motorola; ram: 4.0; tela: 5.5,"cor: Ouro, Platinum "
11516101,"Smartphone Motorola Moto Z2 Play Sound Edition Ouro 64GB, Tela 5.5'', Dual Chip, Câmera 12MP, Android 7.1, Processador Octa-Core e 4GB de RAM",11516105,"Smartphone Motorola Moto Z2 Play XT1710 Ouro com 64GB, Tela de 5.5'', Dual Chip, Câmera 12MP, Android 7.1, Processador Octa-Core e 4GB de RAM",0.84,marca: Motorola; ram: 4.0; tela: 5.5; cor: Ouro,
11516101,"Smartphone Motorola Moto Z2 Play Sound Edition Ouro 64GB, Tela 5.5'', Dual Chip, Câmera 12MP, Android 7.1, Processador Octa-Core e 4GB de RAM",11516109,"Smartphone Motorola Moto Z2 Play Power Edition Platinum 64GB, Tela 5.5'', Dual Chip, Câmera 12MP, Android 7.1, Processador Octa-Core e 4GB de RAM",0.84,marca: Motorola; ram: 4.0; tela: 5.5,"cor: Ouro, Platinum "
11516101,"Smartphone Motorola Moto Z2 Play Sound Edition Ouro 64GB, Tela 5.5'', Dual Chip, Câmera 12MP, Android 7.1, Processador Octa-Core e 4GB de RAM",11811144,"Smartphone Motorola Moto Z2 Play GamePad Edition Platinum 64GB, Tela 5.5'', Dual Chip, Câmera 12MP, Android 7.1, Processador Octa-Core e 4GB de RAM",0.84,marca: Motorola; ram: 4.0; tela: 5.5,"cor: Ouro, Platinum "
11516101,"Smartphone Motorola Moto Z2 Play Sound Edition Ouro 64GB, Tela 5.5'', Dual Chip, Câmera 12MP, Android 7.1, Processador Octa-Core e 4GB de RAM",11811145,"Smartphone Motorola Moto Z2 Play 360 Câmera Edition Topázio 64GB, Tela 5.5'', Dual Chip, Câmera 12MP, Android 7.1, Processador Octa-Core e 4GB de RAM",0.84,marca: Motorola; ram: 4.0; tela: 5.5,"cor: Ouro, nan"
11516103,"Smartphone Motorola Moto Z2 Play Projector Edition Platinum 64GB, Tela 5.5'', Dual Chip, Câmera 12MP, Android 7.1, Processador Octa-Core e 4GB de RAM",11516108,"Smartphone Motorola Moto Z2 Play XT1710 Platinum com 64GB, Tela de 5.5'', Dual Chip, Câmera 12MP, Android 7.1, Processador Octa-Core e 4GB de RAM",0.84,marca: Motorola; ram: 4.0; tela: 5.5; cor: Platinum ,
11516103,"Smartphone Motorola Moto Z2 Play Projector Edition Platinum 64GB, Tela 5.5'', Dual Chip, Câmera 12MP, Android 7.1, Processador Octa-Core e 4GB de RAM",11516109,"Smartphone Motorola Moto Z2 Play Power Edition Platinum 64GB, Tela 5.5'', Dual Chip, Câmera 12MP, Android 7.1, Processador Octa-Core e 4GB de RAM",0.9166666666666666,marca: Motorola; ram: 4.0; tela: 5.5; cor: Platinum ,
11516103,"Smartphone Motorola Moto Z2 Play Projector Edition Platinum 64GB, Tela 5.5'', Dual Chip, Câmera 12MP, Android 7.1, Processador Octa-Core e 4GB de RAM",11811144,"Smartphone Motorola Moto Z2 Play GamePad Edition Platinum 64GB, Tela 5.5'', Dual Chip, Câmera 12MP, Android 7.1, Processador Octa-Core e 4GB de RAM",0.9166666666666666,marca: Motorola; ram: 4.0; tela: 5.5; cor: Platinum ,
11516103,"Smartphone Motorola Moto Z2 Play Projector Edition Platinum 64GB, Tela 5.5'', Dual Chip, Câmera 12MP, Android 7.1, Processador Octa-Core e 4GB de RAM",11811145,"Smartphone Motorola Moto Z2 Play 360 Câmera Edition Topázio 64GB, Tela 5.5'', Dual Chip, Câmera 12MP, Android 7.1, Processador Octa-Core e 4GB de RAM",0.84,marca: Motorola; ram: 4.0; tela: 5.5,"cor: Platinum , nan"
11516105,"Smartphone Motorola Moto Z2 Play XT1710 Ouro com 64GB, Tela de 5.5'', Dual Chip, Câmera 12MP, Android 7.1, Processador Octa-Core e 4GB de RAM",11516108,"Smartphone Motorola Moto Z2 Play XT1710 Platinum com 64GB, Tela de 5.5'', Dual Chip, Câmera 12MP, Android 7.1, Processador Octa-Core e 4GB de RAM",0.9166666666666666,marca: Motorola; ram: 4.0; tela: 5.5,"cor: Ouro, Platinum "
11516105,"Smartphone Motorola Moto Z2 Play XT1710 Ouro com 64GB, Tela de 5.5'', Dual Chip, Câmera 12MP, Android 7.1, Processador Octa-Core e 4GB de RAM",11516120,"Smartphone Motorola Moto Z2 Play XT1710 Azul Topázio com 64GB, Tela de 5.5'', Dual Chip, Câmera 12MP, Android 7.1, Processador Octa-Core e 4GB de RAM",0.88,marca: Motorola; ram: 4.0; tela: 5.5,"cor: Ouro, Azul Topázio"
11516108,"Smartphone Motorola Moto Z2 Play XT1710 Platinum com 64GB, Tela de 5.5'', Dual Chip, Câmera 12MP, Android 7.1, Processador Octa-Core e 4GB de RAM",11516109,"Smartphone Motorola Moto Z2 Play Power Edition Platinum 64GB, Tela 5.5'', Dual Chip, Câmera 12MP, Android 7.1, Processador Octa-Core e 4GB de RAM",0.84,marca: Motorola; ram: 4.0; tela: 5.5; cor: Platinum ,
11516108,"Smartphone Motorola Moto Z2 Play XT1710 Platinum com 64GB, Tela de 5.5'', Dual Chip, Câmera 12MP, Android 7.1, Processador Octa-Core e 4GB de RAM",11516120,"Smartphone Motorola Moto Z2 Play XT1710 Azul Topázio com 64GB, Tela de 5.5'', Dual Chip, Câmera 12MP, Android 7.1, Processador Octa-Core e 4GB de RAM",0.88,marca: Motorola; ram: 4.0; tela: 5.5,"cor: Platinum , Azul Topázio"
11516108,"Smartphone Motorola Moto Z2 Play XT1710 Platinum com 64GB, Tela de 5.5'', Dual Chip, Câmera 12MP, Android 7.1, Processador Octa-Core e 4GB de RAM",11811144,"Smartphone Motorola Moto Z2 Play GamePad Edition Platinum 64GB, Tela 5.5'', Dual Chip, Câmera 12MP, Android 7.1, Processador Octa-Core e 4GB de RAM",0.84,marca: Motorola; ram: 4.0; tela: 5.5; cor: Platinum ,
11516109,"Smartphone Motorola Moto Z2 Play Power Edition Platinum 64GB, Tela 5.5'', Dual Chip, Câmera 12MP, Android 7.1, Processador Octa-Core e 4GB de RAM",11811144,"Smartphone Motorola Moto Z2 Play GamePad Edition Platinum 64GB, Tela 5.5'', Dual Chip, Câmera 12MP, Android 7.1, Processador Octa-Core e 4GB de RAM",0.9166666666666666,marca: Motorola; ram: 4.0; tela: 5.5; cor: Platinum ,
11516109,"Smartphone Motorola Moto Z2 Play Power Edition Platinum 64GB, Tela 5.5'', Dual Chip, Câmera 12MP, Android 7.1, Processador Octa-Core e 4GB de RAM",11811145,"Smartphone Motorola Moto Z2 Play 360 Câmera Edition Topázio 64GB, Tela 5.5'', Dual Chip, Câmera 12MP, Android 7.1, Processador Octa-Core e 4GB de RAM",0.84,marca: Motorola; ram: 4.0; tela: 5.5,"cor: Platinum , nan"
11548157,"Smartphone Samsung Galaxy J7 Neo Dourado com 16GB, Tela 5.5"", Câmera 13MP, TV Digital HD, Dual Chip, Android, 7.0, Processador Octa Core e 2GB RAM",11548183,"Smartphone Samsung Galaxy J7 Neo Preto com 16GB, Tela 5.5"", Câmera 13MP, TV Digital HD, Dual Chip, Android, 7.0, Processador Octa Core e 2GB RAM",0.9230769230769231,marca: Samsung; ram: 2.0; tela: 5.5,"cor: Dourado, Preto"
11700707,"Smartphone Motorola Moto G5s Plus XT1802 Platinum 32GB, Tela 5.5'', Dual Chip, TV Digital, Android 7.1, Câmera Traseira Dupla 13MP e 3GB RAM",11700714,"Smartphone Motorola Moto G5s Plus XT1802 Azul Topázio 32GB, Tela 5.5'', Dual Chip, TV Digital, Android 7.1, Câmera Traseira Dupla 13MP e 3GB RAM",0.88,marca: Motorola; ram: 3.0; tela: 5.5,"cor: Platinum , Azul Topázio"
11700707,"Smartphone Motorola Moto G5s Plus XT1802 Platinum 32GB, Tela 5.5'', Dual Chip, TV Digital, Android 7.1, Câmera Traseira Dupla 13MP e 3GB RAM",11700716,"Smartphone Motorola Moto G5s Plus XT1802 Ouro Rosé 32GB, Tela 5.5'', Dual Chip, TV Digital, Android 7.1, Câmera Traseira Dupla 13MP e 3GB RAM",0.88,marca: Motorola; ram: 3.0; tela: 5.5,"cor: Platinum , Ouro Rose"
11700710,"Smartphone Motorola Moto G5s XT1792 Platinum com 32GB, Tela de 5.2'', Dual Chip, Android 7.1, 4G, Câmera 16MP, Processador Octa-Core e 2GB de RAM",11700720,"Smartphone Motorola Moto G5s XT1792 Ouro com 32GB, Tela de 5.2'', Dual Chip, Android 7.1, 4G, Câmera 16MP, Processador Octa-Core e 2GB de RAM",0.9166666666666666,marca: Motorola; ram: 2.0; tela: 5.2,"cor: Platinum , Ouro"
11700714,"Smartphone Motorola Moto G5s Plus XT1802 Azul Topázio 32GB, Tela 5.5'', Dual Chip, TV Digital, Android 7.1, Câmera Traseira Dupla 13MP e 3GB RAM",11700716,"Smartphone Motorola Moto G5s Plus XT1802 Ouro Rosé 32GB, Tela 5.5'', Dual Chip, TV Digital, Android 7.1, Câmera Traseira Dupla 13MP e 3GB RAM",0.8461538461538461,marca: Motorola; ram: 3.0; tela: 5.5,"cor: Azul Topázio, Ouro Rose"
11811144,"Smartphone Motorola Moto Z2 Play GamePad Edition Platinum 64GB, Tela 5.5'', Dual Chip, Câmera 12MP, Android 7.1, Processador Octa-Core e 4GB de RAM",11811145,"Smartphone Motorola Moto Z2 Play 360 Câmera Edition Topázio 64GB, Tela 5.5'', Dual Chip, Câmera 12MP, Android 7.1, Processador Octa-Core e 4GB de RAM",0.84,marca: Motorola; ram: 4.0; tela: 5.5,"cor: Platinum , nan"
11822323,"Smartphone Asus Zenfone 4 Max ZC554KL Preto com 16GB, Tela 5.5"", Dual Chip, Câmera Traseira Dupla, 4G, Android 7.0, Processador Quad Core e 2GB RAM",11822328,"Smartphone Asus Zenfone 4 Max ZC554KL Gold com 16GB, Tela 5.5"", Dual Chip, Câmera Traseira Dupla, 4G, Android 7.0, Processador Quad Core e 2GB RAM",0.9230769230769231,marca: Asus; ram: 2.0; tela: 5.5,"cor: Preto, Gold"
11822323,"Smartphone Asus Zenfone 4 Max ZC554KL Preto com 16GB, Tela 5.5"", Dual Chip, Câmera Traseira Dupla, 4G, Android 7.0, Processador Quad Core e 2GB RAM",11822329,"Smartphone Asus Zenfone 4 Max ZC554KL Rosa com 16GB, Tela 5.5"", Dual Chip, Câmera Traseira Dupla, 4G, Android 7.0, Processador Quad Core e 2GB RAM",0.9230769230769231,marca: Asus; ram: 2.0; tela: 5.5,"cor: Preto, Rosa"
11822328,"Smartphone Asus Zenfone 4 Max ZC554KL Gold com 16GB, Tela 5.5"", Dual Chip, Câmera Traseira Dupla, 4G, Android 7.0, Processador Quad Core e 2GB RAM",11822329,"Smartphone Asus Zenfone 4 Max ZC554KL Rosa com 16GB, Tela 5.5"", Dual Chip, Câmera Traseira Dupla, 4G, Android 7.0, Processador Quad Core e 2GB RAM",0.9230769230769231,marca: Asus; ram: 2.0; tela: 5.5,"cor: Gold, Rosa"
11822336,"Smartphone Asus Zenfone 4 Selfie Pro ZD552KL Preto com 64GB, Tela 5.5"", Dual Chip, Câmera Frontal Dupla, Android 7.0, Processador Octa Core e 4GB RAM",11822337,"Smartphone Asus Zenfone 4 Selfie Pro ZD552KL Vermelho 64GB, Tela 5.5"", Dual Chip, Câmera Frontal Dupla, Android 7.0, Processador Octa Core e 4GB RAM",0.8846153846153846,marca: Asus; ram: 4.0; tela: 5.5,"cor: Preto, Vermelho"
11822336,"Smartphone Asus Zenfone 4 Selfie Pro ZD552KL Preto com 64GB, Tela 5.5"", Dual Chip, Câmera Frontal Dupla, Android 7.0, Processador Octa Core e 4GB RAM",11822340,"Smartphone Asus Zenfone 4 Selfie Pro ZD552KL Gold com 64GB, Tela 5.5"", Dual Chip, Câmera Frontal Dupla, Android 7.0, Processador Octa Core e 4GB RAM",0.9230769230769231,marca: Asus; ram: 4.0; tela: 5.5,"cor: Preto, Gold"
11822336,"Smartphone Asus Zenfone 4 Selfie Pro ZD552KL Preto com 64GB, Tela 5.5"", Dual Chip, Câmera Frontal Dupla, Android 7.0, Processador Octa Core e 4GB RAM",11822367,"Smartphone Asus Zenfone 4 Selfie ZD553KL Preto com 64GB, Tela 5.5"", Dual Chip, Câmera Frontal Dupla, Android 7.0, Processador Octa Core e 4GB RAM",0.8846153846153846,marca: Asus; ram: 4.0; tela: 5.5; cor: Preto,
11822337,"Smartphone Asus Zenfone 4 Selfie Pro ZD552KL Vermelho 64GB, Tela 5.5"", Dual Chip, Câmera Frontal Dupla, Android 7.0, Processador Octa Core e 4GB RAM",11822340,"Smartphone Asus Zenfone 4 Selfie Pro ZD552KL Gold com 64GB, Tela 5.5"", Dual Chip, Câmera Frontal Dupla, Android 7.0, Processador Octa Core e 4GB RAM",0.8846153846153846,marca: Asus; ram: 4.0; tela: 5.5,"cor: Vermelho, Gold"
11822340,"Smartphone Asus Zenfone 4 Selfie Pro ZD552KL Gold com 64GB, Tela 5.5"", Dual Chip, Câmera Frontal Dupla, Android 7.0, Processador Octa Core e 4GB RAM",11822356,"Smartphone Asus Zenfone 4 Selfie ZD553KL Gold com 64GB, Tela 5.5"", Dual Chip, Câmera Frontal Dupla, Android 7.0, Processador Octa Core e 4GB RAM",0.8846153846153846,marca: Asus; ram: 4.0; tela: 5.5; cor: Gold,
11822340,"Smartphone Asus Zenfone 4 Selfie Pro ZD552KL Gold com 64GB, Tela 5.5"", Dual Chip, Câmera Frontal Dupla, Android 7.0, Processador Octa Core e 4GB RAM",11822373,"Smartphone Asus Zenfone 4 Selfie ZD553KL Rose Gold com 64GB, Tela 5.5"", Dual Chip, Câmera Frontal Dupla, Android 7.0, Processador Octa Core e 4GB RAM",0.8518518518518519,marca: Asus; ram: 4.0; tela: 5.5,"cor: Gold, Rose Gold "
11822356,"Smartphone Asus Zenfone 4 Selfie ZD553KL Gold com 64GB, Tela 5.5"", Dual Chip, Câmera Frontal Dupla, Android 7.0, Processador Octa Core e 4GB RAM",11822367,"Smartphone Asus Zenfone 4 Selfie ZD553KL Preto com 64GB, Tela 5.5"", Dual Chip, Câmera Frontal Dupla, Android 7.0, Processador Octa Core e 4GB RAM",0.92,marca: Asus; ram: 4.0; tela: 5.5,"cor: Gold, Preto"
11822356,"Smartphone Asus Zenfone 4 Selfie ZD553KL Gold com 64GB, Tela 5.5"", Dual Chip, Câmera Frontal Dupla, Android 7.0, Processador Octa Core e 4GB RAM",11822373,"Smartphone Asus Zenfone 4 Selfie ZD553KL Rose Gold com 64GB, Tela 5.5"", Dual Chip, Câmera Frontal Dupla, Android 7.0, Processador Octa Core e 4GB RAM",0.96,marca: Asus; ram: 4.0; tela: 5.5,"cor: Gold, Rose Gold "
11822356,"Smartphone Asus Zenfone 4 Selfie ZD553KL Gold com 64GB, Tela 5.5"", Dual Chip, Câmera Frontal Dupla, Android 7.0, Processador Octa Core e 4GB RAM",11822377,"Smartphone Asus Zenfone 4 Selfie ZD553KL Verde com 64GB, Tela 5.5"", Dual Chip, Câmera Frontal Dupla, Android 7.0, Processador Octa Core e 4GB RAM",0.92,marca: Asus; ram: 4.0; tela: 5.5,"cor: Gold, Verde"
11822364,"Smartphone Asus Zenfone 4 Max ZC554KL Rosa com 32GB, Tela 5.5"", Dual Chip, Câmera Traseira Dupla, 4G, Android 7.0, Processador Octa Core e 3GB RAM",11822372,"Smartphone Asus Zenfone 4 Max ZC554KL Gold com 32GB, Tela 5.5"", Dual Chip, Câmera Traseira Dupla, 4G, Android 7.0, Processador Octa Core e 3GB RAM",0.9230769230769231,marca: Asus; ram: 3.0; tela: 5.5,"cor: Rosa, Gold"
11822364,"Smartphone Asus Zenfone 4 Max ZC554KL Rosa com 32GB, Tela 5.5"", Dual Chip, Câmera Traseira Dupla, 4G, Android 7.0, Processador Octa Core e 3GB RAM",11822386,"Smartphone Asus Zenfone 4 Max ZC554KL Preto com 32GB, Tela 5.5"", Dual Chip, Câmera Traseira Dupla, 4G, Android 7.0, Processador Octa Core e 3GB RAM",0.9230769230769231,marca: Asus; ram: 3.0; tela: 5.5,"cor: Rosa, Preto"
11822367,"Smartphone Asus Zenfone 4 Selfie ZD553KL Preto com 64GB, Tela 5.5"", Dual Chip, Câmera Frontal Dupla, Android 7.0, Processador Octa Core e 4GB RAM",11822373,"Smartphone Asus Zenfone 4 Selfie ZD553KL Rose Gold com 64GB, Tela 5.5"", Dual Chip, Câmera Frontal Dupla, Android 7.0, Processador Octa Core e 4GB RAM",0.8846153846153846,marca: Asus; ram: 4.0; tela: 5.5,"cor: Preto, Rose Gold "
11822367,"Smartphone Asus Zenfone 4 Selfie ZD553KL Preto com 64GB, Tela 5.5"", Dual Chip, Câmera Frontal Dupla, Android 7.0, Processador Octa Core e 4GB RAM",11822377,"Smartphone Asus Zenfone 4 Selfie ZD553KL Verde com 64GB, Tela 5.5"", Dual Chip, Câmera Frontal Dupla, Android 7.0, Processador Octa Core e 4GB RAM",0.92,marca: Asus; ram: 4.0; tela: 5.5,"cor: Preto, Verde"
11822369,"Smartphone Asus Zenfone 4 ZE554KL Verde com 64GB, Tela 5.5"", Dual Chip, Câmera Traseira Dupla, 4G, Android 7.0, Processador Octa Core e 4GB RAM",11822392,"Smartphone Asus Zenfone 4 ZE554KL Preto com 64GB, Tela 5.5"", Dual Chip, Câmera Traseira Dupla, 4G, Android 7.0, Processador Octa Core e 4GB RAM",0.92,marca: Asus; ram: 4.0; tela: 5.5,"cor: Verde, Preto"
11822369,"Smartphone Asus Zenfone 4 ZE554KL Verde com 64GB, Tela 5.5"", Dual Chip, Câmera Traseira Dupla, 4G, Android 7.0, Processador Octa Core e 4GB RAM",11822393,"Smartphone Asus Zenfone 4 ZE554KL Branco com 64GB, Tela 5.5"", Dual Chip, Câmera Traseira Dupla, 4G, Android 7.0, Processador Octa Core e 4GB RAM",0.92,marca: Asus; ram: 4.0; tela: 5.5,"cor: Verde, Branco"
11822372,"Smartphone Asus Zenfone 4 Max ZC554KL Gold com 32GB, Tela 5.5"", Dual Chip, Câmera Traseira Dupla, 4G, Android 7.0, Processador Octa Core e 3GB RAM",11822386,"Smartphone Asus Zenfone 4 Max ZC554KL Preto com 32GB, Tela 5.5"", Dual Chip, Câmera Traseira Dupla, 4G, Android 7.0, Processador Octa Core e 3GB RAM",0.9230769230769231,marca: Asus; ram: 3.0; tela: 5.5,"cor: Gold, Preto"
11822373,"Smartphone Asus Zenfone 4 Selfie ZD553KL Rose Gold com 64GB, Tela 5.5"", Dual Chip, Câmera Frontal Dupla, Android 7.0, Processador Octa Core e 4GB RAM",11822377,"Smartphone Asus Zenfone 4 Selfie ZD553KL Verde com 64GB, Tela 5.5"", Dual Chip, Câmera Frontal Dupla, Android 7.0, Processador Octa Core e 4GB RAM",0.8846153846153846,marca: Asus; ram: 4.0; tela: 5.5,"cor: Rose Gold , Verde"
11822381,"Smartphone Asus Zenfone 4 ZE554KL Preto com 64GB, Tela 5.5"", Dual Chip, Câmera Traseira Dupla, 4G, Android 7.0, Processador Octa Core e 6GB RAM",11822388,"Smartphone Asus Zenfone 4 ZE554KL Verde com 64GB, Tela 5.5"", Dual Chip, Câmera Traseira Dupla, 4G, Android 7.0, Processador Octa Core e 6GB RAM",0.92,marca: Asus; ram: 6.0; tela: 5.5,"cor: Preto, Verde"
11822381,"Smartphone Asus Zenfone 4 ZE554KL Preto com 64GB, Tela 5.5"", Dual Chip, Câmera Traseira Dupla, 4G, Android 7.0, Processador Octa Core e 6GB RAM",11822405,"Smartphone Asus Zenfone 4 ZE554KL Branco com 64GB, Tela 5.5"", Dual Chip, Câmera Traseira Dupla, 4G, Android 7.0, Processador Octa Core e 6GB RAM",0.92,marca: Asus; ram: 6.0; tela: 5.5,"cor: Preto, Branco"
11822388,"Smartphone Asus Zenfone 4 ZE554KL Verde com 64GB, Tela 5.5"", Dual Chip, Câmera Traseira Dupla, 4G, Android 7.0, Processador Octa Core e 6GB RAM",11822405,"Smartphone Asus Zenfone 4 ZE554KL Branco com 64GB, Tela 5.5"", Dual Chip, Câmera Traseira Dupla, 4G, Android 7.0, Processador Octa Core e 6GB RAM",0.92,marca: Asus; ram: 6.0; tela: 5.5,"cor: Verde, Branco"
11822392,"Smartphone Asus Zenfone 4 ZE554KL Preto com 64GB, Tela 5.5"", Dual Chip, Câmera Traseira Dupla, 4G, Android 7.0, Processador Octa Core e 4GB RAM",11822393,"Smartphone Asus Zenfone 4 ZE554KL Branco com 64GB, Tela 5.5"", Dual Chip, Câmera Traseira Dupla, 4G, Android 7.0, Processador Octa Core e 4GB RAM",0.92,marca: Asus; ram: 4.0; tela: 5.5,"cor: Preto, Branco"
11823248,"Smartphone Sony Xperia XA1 Plus G3426 Preto com 32GB, Tela 5,5"", Dual Chip, Câmera 23MP, 4G, Android 7.0, Processador Octa-Core e 4GB RAM",11823251,"Smartphone Sony Xperia XA1 Plus G3426 Dourado com 32GB, Tela 5,5"", Dual Chip, Câmera 23MP, 4G, Android 7.0, Processador Octa-Core e 4GB RAM",0.9166666666666666,marca: Sony; ram: 4.0; tela: 5.5,"cor: Preto, Dourado"
11823252,"Smartphone Sony Xperia XZ1 G8341 Preto com 64GB, Tela 5,2"", Single Chip, Câmera 19MP, 4G, Android 8.0, Processador Octa-Core e 4GB RAM",11823263,"Smartphone Sony Xperia XZ1 G8341 Azul com 64GB, Tela 5,2"", Single Chip, Câmera 19MP, 4G, Android 8.0, Processador Octa-Core e 4GB RAM",0.9130434782608695,marca: Sony; ram: 4.0; tela: 5.2,"cor: Preto, Azul"
11823252,"Smartphone Sony Xperia XZ1 G8341 Preto com 64GB, Tela 5,2"", Single Chip, Câmera 19MP, 4G, Android 8.0, Processador Octa-Core e 4GB RAM",11823304,"Smartphone Sony Xperia XZ1 G8341 Rose com 64GB, Tela 5,2"", Single Chip, Câmera 19MP, 4G, Android 8.0, Processador Octa-Core e 4GB RAM",0.9130434782608695,marca: Sony; ram: 4.0; tela: 5.2,"cor: Preto, nan"
11823263,"Smartphone Sony Xperia XZ1 G8341 Azul com 64GB, Tela 5,2"", Single Chip, Câmera 19MP, 4G, Android 8.0, Processador Octa-Core e 4GB RAM",11823304,"Smartphone Sony Xperia XZ1 G8341 Rose com 64GB, Tela 5,2"", Single Chip, Câmera 19MP, 4G, Android 8.0, Processador Octa-Core e 4GB RAM",0.9130434782608695,marca: Sony; ram: 4.0; tela: 5.2,"cor: Azul, nan"
12138108,"Smartphone Samsung Galaxy A8 Plus Ametista com 64GB, Dual Chip, Display Infinito de 6"", Android 7.1, Câmera 16MP, Proteção IP68, Octa Core e RAM de 4G",12138109,"Smartphone Samsung Galaxy A8 Plus Dourado com 64GB, Dual Chip, Display Infinito de 6"", Android 7.1, Câmera 16MP, Proteção IP68, Octa Core e RAM de 4GB",0.8518518518518519,marca: Samsung; ram: 4.0; tela: 6.0,"cor: Ametista, Dourado"
12138108,"Smartphone Samsung Galaxy A8 Plus Ametista com 64GB, Dual Chip, Display Infinito de 6"", Android 7.1, Câmera 16MP, Proteção IP68, Octa Core e RAM de 4G",12138110,"Smartphone Samsung Galaxy A8 Plus Preto com 64GB, Dual Chip, Display Infinito de 6"", Android 7.1, Câmera 16MP, Proteção IP68, Octa Core e RAM de 4GB",0.8518518518518519,marca: Samsung; ram: 4.0; tela: 6.0,"cor: Ametista, Preto"
12138109,"Smartphone Samsung Galaxy A8 Plus Dourado com 64GB, Dual Chip, Display Infinito de 6"", Android 7.1, Câmera 16MP, Proteção IP68, Octa Core e RAM de 4GB",12138110,"Smartphone Samsung Galaxy A8 Plus Preto com 64GB, Dual Chip, Display Infinito de 6"", Android 7.1, Câmera 16MP, Proteção IP68, Octa Core e RAM de 4GB",0.9230769230769231,marca: Samsung; ram: 4.0; tela: 6.0,"cor: Dourado, Preto"
12564960,"Smartphone Samsung Galaxy S9 Plus Cinza 128GB, Tela Infinita de 6.2"", Dual Chip, Android 8.0, Câmera Dupla de 12MP, 6GB de RAM e Processador Octa-Core",12564961,"Smartphone Samsung Galaxy S9 Plus Ultravioleta 128GB, Tela Infinita 6.2"", Dual Chip, Android 8.0, Câmera Dupla de 12MP, 6GB RAM e Processador OctaCore",0.84,marca: Samsung; ram: 6.0; tela: 6.2,"cor: Cinza, Ultravioleta"
12564960,"Smartphone Samsung Galaxy S9 Plus Cinza 128GB, Tela Infinita de 6.2"", Dual Chip, Android 8.0, Câmera Dupla de 12MP, 6GB de RAM e Processador Octa-Core",12564975,"Smartphone Samsung Galaxy S9 Plus Preto 128GB, Tela Infinita de 6.2"", Dual Chip, Android 8.0, Câmera Dupla de 12MP, 6GB de RAM e Processador Octa-Core",0.9166666666666666,marca: Samsung; ram: 6.0; tela: 6.2,"cor: Cinza, Preto"
12564961,"Smartphone Samsung Galaxy S9 Plus Ultravioleta 128GB, Tela Infinita 6.2"", Dual Chip, Android 8.0, Câmera Dupla de 12MP, 6GB RAM e Processador OctaCore",12564975,"Smartphone Samsung Galaxy S9 Plus Preto 128GB, Tela Infinita de 6.2"", Dual Chip, Android 8.0, Câmera Dupla de 12MP, 6GB de RAM e Processador Octa-Core",0.84,marca: Samsung; ram: 6.0; tela: 6.2,"cor: Ultravioleta, Preto"
12669434,"Smartphone Motorola Moto G6 Play XT1922 Índigo com 32GB, Tela de 5.7'', Dual Chip, Android 8.0, 4G, Câmera 13MP, Processador Octa-Core e 3GB de RAM",12669436,"Smartphone Motorola Moto G6 Play XT1922 Ouro com 32GB, Tela de 5.7'', Dual Chip, Android 8.0, 4G, Câmera 13MP, Processador Octa-Core e 3GB de RAM",0.92,marca: Motorola; ram: 3.0; tela: 5.7,"cor: Indigo, Ouro"
12842697,"Smartphone Motorola Moto E5 XT1944 Ouro com 16GB, Tela 5.7'', Dual Chip, Android 8.0, 4G, Câmera 13MP, Processador Quad-Core e 2GB de RAM",12842708,"Smartphone Motorola Moto E5 XT1944 Platinum com 16GB, Tela 5.7'', Dual Chip, Android 8.0, 4G, Câmera 13MP, Processador Quad-Core e 2GB de RAM",0.9166666666666666,marca: Motorola; ram: 2.0; tela: 5.7,"cor: Ouro, Platinum "
853248747,Smartphone Motorola Moto C Plus 16gb Mem 4g Dual 2gb Ram,853254183,Smartphone Motorola Moto C Plus 16gb Mem 4g Dual 2gb Ram,1.0,marca: Motorola; ram: 2.0,
934735632,"Smartphone Samsung Galaxy S8+ Dourado Tela 6,2  Android 7.0",949335833,"Smartphone Samsung Galaxy S8+ Dourado Tela 6,2  Android 7.0",1.0,marca: Samsung; cor: Dourado,
1012568407,Smartphone Samsung A530f Galaxy A8 Duos Dual Tela 5.6 64gb,1012572119,Smartphone Samsung A530f Galaxy A8 Duos Dual Tela 5.6 64gb,1.0,marca: Samsung,
1012568407,Smartphone Samsung A530f Galaxy A8 Duos Dual Tela 5.6 64gb,1095907681,Smartphone Samsung A530f Galaxy A8 Duos Dual Tela 5.6 64gb,1.0,marca: Samsung,
1012572119,Smartphone Samsung A530f Galaxy A8 Duos Dual Tela 5.6 64gb,1095907681,Smartphone Samsung A530f Galaxy A8 Duos Dual Tela 5.6 64gb,1.0,marca: Samsung,
1020035570,Smartphone Motorola Moto G6 Plus 64gb 4gb Octacore - Índigo,1047891834,Smartphone Motorola Moto G6 Plus 64gb 4gb Octacore - Índigo,1.0,marca: Motorola; cor: Indigo,
1029807147,Celular Smartphone Moto E4 Plus 5.5 16gb Biometria Dual Sim,1064689264,Celular Smartphone Moto E4 Plus 5.5 16gb Biometria Dual Sim,1.0,marca: Motorola,
1047753461,Celular Smartphone Motorola Moto Z3 Play Indigo Tela 6,1047753466,Celular Smartphone Motorola Moto Z3 Play Indigo Tela 6,1.0,marca: Motorola; cor: Indigo,
1051307693,Smartphone Xiaomi Redmi Note 5 64gb Mem 4gb Ram Dual 5.99pol,1074084470,Smartphone Xiaomi Redmi Note 5 64gb Mem 4gb Ram Dual 5.99pol,1.0,marca: Xiaomi; ram: 4.0,
1064788363,Smartphone Motorola Moto Z3 Play 128gb Dual Android 8.1 Ônix,1064790531,Smartphone Motorola Moto Z3 Play 128gb Dual Android 8.1 Ônix,1.0,marca: Motorola,
1074965120,Smartphone Lenovo K8 Plus 32gb Mem 3gb Ram Dual 4g 5.2pol,1096480874,Smartphone Lenovo K8 Plus 32gb Mem 3gb Ram Dual 4g,0.9090909090909091,marca: Lenovo; ram: 3.0,
1075447621,Smartphone Meizu M5c Dual Sim 4g 2gb Ram 16gb - Preto,1078008721,Smartphone Meizu M5c Dual Sim 4g 2gb Ram 16gb - Preto,1.0,marca: Meizu; ram: 2.0; cor: Preto,
1080195907,Smartphone Xiaomi Mi A2 Lite Global 3gb Ram 32gb P/ Entrega,1080200504,Smartphone Xiaomi Mi A2 Lite Global 3gb Ram 32gb P/ Entrega,1.0,marca: Xiaomi; ram: 3.0,
1080195907,Smartphone Xiaomi Mi A2 Lite Global 3gb Ram 32gb P/ Entrega,1080209407,Smartphone Xiaomi Mi A2 Lite Global 3gb Ram 32gb P/ Entrega,1.0,marca: Xiaomi; ram: 3.0,
1080195907,Smartphone Xiaomi Mi A2 Lite Global 3gb Ram 32gb P/ Entrega,1080212639,Smartphone Xiaomi Mi A2 Lite Global 3gb Ram 32gb P/ Entrega,1.0,marca: Xiaomi; ram: 3.0,
1080200504,Smartphone Xiaomi Mi A2 Lite Global 3gb Ram 32gb P/ Entrega,1080209407,Smartphone Xiaomi Mi A2 Lite Global 3gb Ram 32gb P/ Entrega,1.0,marca: Xiaomi; ram: 3.0,
1080200504,Smartphone Xiaomi Mi A2 Lite Global 3gb Ram 32gb P/ Entrega,1080212639,Smartphone Xiaomi Mi A2 Lite Global 3gb Ram 32gb P/ Entrega,1.0,marca: Xiaomi; ram: 3.0,
1080209407,Smartphone Xiaomi Mi A2 Lite Global 3gb Ram 32gb P/ Entrega,1080212639,Smartphone Xiaomi Mi A2 Lite Global 3gb Ram 32gb P/ Entrega,1.0,marca: Xiaomi; ram: 3.0,
1080762936,Smartphone Xiaomi Mi A2 4gb/64gb Dual Sim Tela 5.99'' Global,1080788081,Smartphone Xiaomi Mi A2 4gb/64gb Dual Sim Tela 5.99'' Global,1.0,marca: Xiaomi; tela: 5.99,
1080762936,Smartphone Xiaomi Mi A2 4gb/64gb Dual Sim Tela 5.99'' Global,1081996918,Smartphone Xiaomi Mi A2 4gb/64gb Dual Sim Tela 5.99'' Global,1.0,marca: Xiaomi; tela: 5.99,
1080788081,Smartphone Xiaomi Mi A2 4gb/64gb Dual Sim Tela 5.99'' Global,1081996918,Smartphone Xiaomi Mi A2 4gb/64gb Dual Sim Tela 5.99'' Global,1.0,marca: Xiaomi; tela: 5.99,
1081323151,Smartphone Xiaomi Mi A2 Dualsim 4gb/32gb 5.99' Versão Global,1081331222,Smartphone Xiaomi Mi A2 Dualsim 4gb/32gb 5.99' Versão Global,1.0,marca: Xiaomi; tela: 5.99,
1084340822,Smartphone Xiaomi Mi A2 Dual Sim 32g - 5.99   -  Ver Cores,1095770972,Smartphone Xiaomi Mi A2 Dual Sim 32g - 5.99   -  Ver Cores,1.0,marca: Xiaomi,
1087684396,Smartphone Xiaomi Mi 8 64gb/6gb Dual Sim Global P/ Entrega,1087722575,Smartphone Xiaomi Mi 8 64gb/6gb Dual Sim Global P/ Entrega,1.0,marca: Xiaomi,
